n,baseline_seconds,kelsey_seconds,lecrv_seconds
2,0.08780129998922348,0.2616997999721207,0.2484480999992229
3,0.13045290001900867,0.3476647000061348,0.3359968999866396
4,0.15352670001448132,0.49548099999083206,0.4470718000084162
5,0.17296349999378435,0.5640912000089884,0.5095086999936029
8,0.24200490000657737,0.8053847000119276,0.7605076000036206
12,0.3812915000016801,1.3273779999872204,1.2446852000139188
16,0.4916001999808941,1.7528042000194546,1.486578300013207
